--
-- PostgreSQL database dump
--

-- Dumped from database version 14.15 (Ubuntu 14.15-0ubuntu0.22.04.1)
-- Dumped by pg_dump version 14.15 (Ubuntu 14.15-0ubuntu0.22.04.1)

SET statement_timeout = 0;
SET lock_timeout = 0;
SET idle_in_transaction_session_timeout = 0;
SET client_encoding = 'UTF8';
SET standard_conforming_strings = on;
SELECT pg_catalog.set_config('search_path', '', false);
SET check_function_bodies = false;
SET xmloption = content;
SET client_min_messages = warning;
SET row_security = off;

SET default_tablespace = '';

SET default_table_access_method = heap;

--
-- Name: Admins; Type: TABLE; Schema: public; Owner: postgres
--

CREATE TABLE public."Admins" (
    "adminID" integer NOT NULL,
    name character varying(100),
    email character varying(100),
    password character varying(100)
);


ALTER TABLE public."Admins" OWNER TO postgres;

--
-- Name: Bookings; Type: TABLE; Schema: public; Owner: postgres
--

CREATE TABLE public."Bookings" (
    bookingid integer NOT NULL,
    userid integer,
    "restaurantID" integer,
    date date,
    "time" time without time zone,
    "numberOfPeople" integer,
    status character varying(20),
    "adminID" integer
);


ALTER TABLE public."Bookings" OWNER TO postgres;

--
-- Name: Notifications; Type: TABLE; Schema: public; Owner: postgres
--

CREATE TABLE public."Notifications" (
    "notificationID" integer NOT NULL,
    "bookingID" integer,
    "userID" integer,
    "restaurantID" integer,
    status character varying(20),
    text text
);


ALTER TABLE public."Notifications" OWNER TO postgres;

--
-- Name: Restaurants; Type: TABLE; Schema: public; Owner: postgres
--

CREATE TABLE public."Restaurants" (
    "restaurantID" integer NOT NULL,
    name character varying(255),
    address character varying(255),
    "phoneNumber" character varying(255),
    "numberOfTables" integer
);


ALTER TABLE public."Restaurants" OWNER TO postgres;

--
-- Name: Users; Type: TABLE; Schema: public; Owner: postgres
--

CREATE TABLE public."Users" (
    "userID" integer NOT NULL,
    name character varying(255),
    "phoneNumber" character varying(20),
    password character varying(100),
    email character varying(100)
);


ALTER TABLE public."Users" OWNER TO postgres;

--
-- Name: admins; Type: TABLE; Schema: public; Owner: postgres
--

CREATE TABLE public.admins (
    adminid integer NOT NULL,
    email character varying(255),
    name character varying(255),
    password character varying(255)
);


ALTER TABLE public.admins OWNER TO postgres;

--
-- Name: admins_adminid_seq; Type: SEQUENCE; Schema: public; Owner: postgres
--

ALTER TABLE public.admins ALTER COLUMN adminid ADD GENERATED BY DEFAULT AS IDENTITY (
    SEQUENCE NAME public.admins_adminid_seq
    START WITH 1
    INCREMENT BY 1
    NO MINVALUE
    NO MAXVALUE
    CACHE 1
);


--
-- Name: bookings; Type: TABLE; Schema: public; Owner: postgres
--

CREATE TABLE public.bookings (
    bookingid integer NOT NULL,
    adminid integer,
    numberofpeople integer,
    "time" time(6) without time zone,
    date date,
    restaurantid integer,
    status character varying(255),
    userid integer
);


ALTER TABLE public.bookings OWNER TO postgres;

--
-- Name: bookings_bookingid_seq; Type: SEQUENCE; Schema: public; Owner: postgres
--

ALTER TABLE public.bookings ALTER COLUMN bookingid ADD GENERATED BY DEFAULT AS IDENTITY (
    SEQUENCE NAME public.bookings_bookingid_seq
    START WITH 1
    INCREMENT BY 1
    NO MINVALUE
    NO MAXVALUE
    CACHE 1
);


--
-- Name: notifications; Type: TABLE; Schema: public; Owner: postgres
--

CREATE TABLE public.notifications (
    notificationid integer NOT NULL,
    bookingid integer,
    restaurantid integer,
    text character varying(255),
    status character varying(255),
    userid integer
);


ALTER TABLE public.notifications OWNER TO postgres;

--
-- Name: notifications_notificationid_seq; Type: SEQUENCE; Schema: public; Owner: postgres
--

ALTER TABLE public.notifications ALTER COLUMN notificationid ADD GENERATED BY DEFAULT AS IDENTITY (
    SEQUENCE NAME public.notifications_notificationid_seq
    START WITH 1
    INCREMENT BY 1
    NO MINVALUE
    NO MAXVALUE
    CACHE 1
);


--
-- Name: restaurants_seq; Type: SEQUENCE; Schema: public; Owner: postgres
--

CREATE SEQUENCE public.restaurants_seq
    START WITH 1
    INCREMENT BY 50
    NO MINVALUE
    NO MAXVALUE
    CACHE 1;


ALTER TABLE public.restaurants_seq OWNER TO postgres;

--
-- Name: users; Type: TABLE; Schema: public; Owner: postgres
--

CREATE TABLE public.users (
    userid integer NOT NULL,
    email character varying(255),
    password character varying(255),
    phonenumber character varying(255),
    name character varying(255)
);


ALTER TABLE public.users OWNER TO postgres;

--
-- Name: users_userid_seq; Type: SEQUENCE; Schema: public; Owner: postgres
--

ALTER TABLE public.users ALTER COLUMN userid ADD GENERATED BY DEFAULT AS IDENTITY (
    SEQUENCE NAME public.users_userid_seq
    START WITH 1
    INCREMENT BY 1
    NO MINVALUE
    NO MAXVALUE
    CACHE 1
);


--
-- Data for Name: Admins; Type: TABLE DATA; Schema: public; Owner: postgres
--

COPY public."Admins" ("adminID", name, email, password) FROM stdin;
1	Sharon\nWeber	wardjustin@example.net	mDTcjobEb4
2	Nathan\nCooley	simstimothy@example.com	DFWXEa0jJB
3	Felicia\nSpencer	rosemontoya@example.net	2#n0i4G8wr
4	Courtney\nWalker	matthewmurray@example.com	R548n!%wxl
5	Courtney\nJohnson	bchung@example.org	SCkPLO1fyb
6	Nichole\nOlson	rwilliams@example.net	yDYV0HgozU
7	Gregory\nShields	tabitha99@example.org	e3iE71zx4b
8	Kathleen\nSchwartz	janet06@example.com	DN7d5N3Xl!
9	Jamie\nTorres	osmith@example.org	1yPDi$$rwc
10	Patrick\nWalker	kimberlywagner@example.org	dvl@yubgNm
\.


--
-- Data for Name: Bookings; Type: TABLE DATA; Schema: public; Owner: postgres
--

COPY public."Bookings" (bookingid, userid, "restaurantID", date, "time", "numberOfPeople", status, "adminID") FROM stdin;
1	9	16	2024-10-27	15:00:00	1	Confirmed	5
2	9	17	2024-11-02	11:00:00	8	Confirmed	1
4	8	2	2024-10-16	14:00:00	4	Confirmed	2
5	43	8	2024-10-09	20:00:00	7	Confirmed	4
6	46	3	2024-10-08	19:00:00	5	Waiting	5
7	21	16	2024-10-24	15:00:00	8	Confirmed	1
8	42	20	2024-11-01	21:00:00	5	Waiting	4
9	38	7	2024-10-25	14:00:00	7	Confirmed	5
10	11	15	2024-10-11	14:00:00	4	Confirmed	2
11	29	17	2024-10-15	13:00:00	2	Waiting	5
12	48	13	2024-10-25	20:00:00	7	Waiting	4
14	49	7	2024-10-28	19:00:00	1	Waiting	2
15	11	5	2024-10-31	17:00:00	8	Confirmed	5
16	24	3	2024-10-27	13:00:00	4	Waiting	1
17	6	5	2024-11-06	21:00:00	6	Waiting	1
19	21	8	2024-10-17	19:00:00	4	Waiting	4
20	17	14	2024-10-08	15:00:00	4	Waiting	5
21	39	19	2024-10-09	17:00:00	2	Waiting	5
22	33	13	2024-10-14	14:00:00	4	Confirmed	5
24	8	18	2024-11-06	19:00:00	4	Confirmed	3
25	26	7	2024-10-15	20:00:00	1	Confirmed	5
26	30	4	2024-11-02	15:00:00	8	Confirmed	3
27	34	7	2024-10-15	14:00:00	1	Waiting	1
28	50	4	2024-10-24	16:00:00	8	Confirmed	3
29	4	2	2024-10-28	19:00:00	8	Waiting	5
30	48	13	2024-10-19	11:00:00	4	Waiting	4
31	49	4	2024-10-17	18:00:00	3	Waiting	4
32	24	15	2024-10-13	21:00:00	6	Confirmed	4
33	13	1	2024-10-28	15:00:00	3	Waiting	3
34	21	8	2024-11-03	14:00:00	1	Waiting	3
35	37	12	2024-10-14	17:00:00	7	Waiting	5
37	37	7	2024-11-01	16:00:00	4	Waiting	4
38	9	6	2024-10-13	16:00:00	5	Confirmed	3
39	25	4	2024-10-21	11:00:00	6	Confirmed	3
40	34	18	2024-10-22	14:00:00	3	Confirmed	4
41	39	12	2024-10-21	20:00:00	2	Waiting	1
42	41	8	2024-10-22	12:00:00	2	Confirmed	5
43	40	15	2024-10-12	19:00:00	5	Confirmed	5
44	33	4	2024-10-10	20:00:00	2	Confirmed	2
48	18	17	2024-10-30	11:00:00	4	Waiting	4
49	12	10	2024-11-03	19:00:00	4	Waiting	3
50	1	10	2024-11-03	20:00:00	3	Waiting	4
51	7	18	2024-10-30	14:00:00	8	Waiting	2
52	1	14	2024-10-30	16:00:00	1	Waiting	1
54	22	10	2024-11-03	11:00:00	8	Waiting	1
55	30	18	2024-10-12	21:00:00	1	Waiting	4
56	46	7	2024-10-30	15:00:00	2	Confirmed	3
57	13	1	2024-11-03	21:00:00	3	Waiting	1
58	21	19	2024-10-18	14:00:00	6	Confirmed	2
59	43	18	2024-10-28	13:00:00	6	Confirmed	3
60	43	15	2024-10-29	15:00:00	1	Waiting	1
61	25	20	2024-11-06	17:00:00	5	Confirmed	3
62	49	5	2024-10-17	16:00:00	4	Confirmed	2
64	46	15	2024-10-12	15:00:00	3	Waiting	5
65	37	7	2024-10-31	20:00:00	8	Confirmed	1
66	33	9	2024-10-31	15:00:00	2	Waiting	4
67	8	8	2024-10-25	18:00:00	3	Waiting	3
68	15	13	2024-10-26	14:00:00	4	Waiting	1
69	37	7	2024-10-24	13:00:00	3	Waiting	1
70	39	13	2024-11-02	15:00:00	5	Waiting	3
72	17	20	2024-10-10	19:00:00	3	Waiting	5
74	9	8	2024-10-26	13:00:00	1	Waiting	2
76	15	5	2024-11-05	21:00:00	1	Waiting	5
77	49	18	2024-10-20	12:00:00	4	Confirmed	5
78	29	4	2024-10-14	12:00:00	3	Waiting	2
79	44	20	2024-11-04	18:00:00	2	Waiting	5
80	33	16	2024-11-02	14:00:00	1	Confirmed	2
81	4	9	2024-10-26	13:00:00	2	Waiting	2
82	37	16	2024-10-09	12:00:00	8	Confirmed	5
83	28	3	2024-10-26	12:00:00	5	Waiting	4
84	24	12	2024-10-08	18:00:00	1	Confirmed	2
86	38	12	2024-10-19	14:00:00	5	Confirmed	3
87	1	14	2024-10-25	17:00:00	3	Waiting	5
88	38	10	2024-10-15	12:00:00	7	Confirmed	1
89	34	18	2024-10-11	16:00:00	1	Waiting	4
90	9	10	2024-10-20	16:00:00	1	Waiting	4
91	47	16	2024-10-20	21:00:00	8	Waiting	4
92	34	2	2024-11-02	20:00:00	3	Confirmed	3
93	9	15	2024-10-26	14:00:00	2	Confirmed	5
95	34	18	2024-10-09	13:00:00	4	Confirmed	4
96	42	15	2024-11-02	13:00:00	2	Waiting	2
97	40	8	2024-10-08	13:00:00	6	Confirmed	5
98	17	6	2024-10-22	16:00:00	7	Confirmed	1
99	3	18	2024-10-10	15:00:00	5	Waiting	4
100	16	7	2024-10-25	17:00:00	5	Waiting	3
\.


--
-- Data for Name: Notifications; Type: TABLE DATA; Schema: public; Owner: postgres
--

COPY public."Notifications" ("notificationID", "bookingID", "userID", "restaurantID", status, text) FROM stdin;
1	1	9	16	Confirmed	Your booking is confirmed
2	2	9	17	Confirmed	Your booking is confirmed
4	4	8	2	Confirmed	Your booking is confirmed
5	5	43	8	FullyBooked	Sorry, the restaurant is fully\nbooked at this time.
6	6	46	3	FullyBooked	Sorry, the restaurant is fully\nbooked at this time.
7	7	21	16	Confirmed	Your booking is confirmed
8	8	42	20	FullyBooked	Sorry, the restaurant is\nfully booked at this time.
9	9	38	7	FullyBooked	Sorry, the restaurant is fully\nbooked at this time.
10	10	11	15	FullyBooked	Sorry, the restaurant is\nfully booked at this time.
11	11	29	17	FullyBooked	Sorry, the restaurant is\nfully booked at this time.
14	14	49	7	Confirmed	Your booking is confirmed
15	15	11	5	FullyBooked	Sorry, the restaurant is\nfully booked at this time.
16	16	24	3	Confirmed	Your booking is confirmed
17	17	6	5	FullyBooked	Sorry, the restaurant is\nfully booked at this time.
19	19	21	8	Confirmed	Your booking is confirmed
20	20	17	14	Confirmed	Your booking is confirmed
21	21	39	19	Confirmed	Your booking is confirmed
22	22	33	13	FullyBooked	Sorry, the restaurant is\nfully booked at this time.
24	24	8	18	Confirmed	Your booking is confirmed
25	25	26	7	FullyBooked	Sorry, the restaurant is\nfully booked at this time.
26	26	30	4	Confirmed	Your booking is confirmed
27	27	34	7	FullyBooked	Sorry, the restaurant is\nfully booked at this time.
28	28	50	4	Confirmed	Your booking is confirmed
29	29	4	2	Confirmed	Your booking is confirmed
30	30	48	13	Confirmed	Your booking is confirmed
31	31	49	4	Confirmed	Your booking is confirmed
32	32	24	15	FullyBooked	Sorry, the restaurant is\nfully booked at this time.
33	33	13	1	FullyBooked	Sorry, the restaurant is\nfully booked at this time.
34	34	21	8	Confirmed	Your booking is confirmed
35	35	37	12	Confirmed	Your booking is confirmed
37	37	37	7	Confirmed	Your booking is confirmed
38	38	9	6	Confirmed	Your booking is confirmed
39	39	25	4	FullyBooked	Sorry, the restaurant is\nfully booked at this time.
40	40	34	18	FullyBooked	Sorry, the restaurant is\nfully booked at this time.
41	41	39	12	Confirmed	Your booking is confirmed
42	42	41	8	Confirmed	Your booking is confirmed
43	43	40	15	FullyBooked	Sorry, the restaurant is\nfully booked at this time.
44	44	33	4	Confirmed	Your booking is confirmed
48	48	18	17	Confirmed	Your booking is confirmed
49	49	12	10	Confirmed	Your booking is confirmed
50	50	1	10	Confirmed	Your booking is confirmed
51	51	7	18	FullyBooked	Sorry, the restaurant is\nfully booked at this time.
52	52	1	14	Confirmed	Your booking is confirmed
54	54	22	10	Confirmed	Your booking is confirmed
55	55	30	18	FullyBooked	Sorry, the restaurant is\nfully booked at this time.
56	56	46	7	FullyBooked	Sorry, the restaurant is\nfully booked at this time.
57	57	13	1	FullyBooked	Sorry, the restaurant is\nfully booked at this time.
58	58	21	19	Confirmed	Your booking is confirmed
59	59	43	18	FullyBooked	Sorry, the restaurant is\nfully booked at this time.
60	60	43	15	Confirmed	Your booking is confirmed
61	61	25	20	FullyBooked	Sorry, the restaurant is\nfully booked at this time.
62	62	49	5	Confirmed	Your booking is confirmed
64	64	46	15	FullyBooked	Sorry, the restaurant is\nfully booked at this time.
65	65	37	7	FullyBooked	Sorry, the restaurant is\nfully booked at this time.
66	66	33	9	Confirmed	Your booking is confirmed
67	67	8	8	Confirmed	Your booking is confirmed
68	68	15	13	Confirmed	Your booking is confirmed
69	69	37	7	Confirmed	Your booking is confirmed
70	70	39	13	Confirmed	Your booking is confirmed
72	72	17	20	Confirmed	Your booking is confirmed
74	74	9	8	Confirmed	Your booking is confirmed
76	76	15	5	FullyBooked	Sorry, the restaurant is\nfully booked at this time.
77	77	49	18	FullyBooked	Sorry, the restaurant is\nfully booked at this time.
78	78	29	4	FullyBooked	Sorry, the restaurant is\nfully booked at this time.
79	79	44	20	FullyBooked	Sorry, the restaurant is\nfully booked at this time.
80	80	33	16	Confirmed	Your booking is confirmed
81	81	4	9	FullyBooked	Sorry, the restaurant is\nfully booked at this time.
82	82	37	16	Confirmed	Your booking is confirmed
83	83	28	3	FullyBooked	Sorry, the restaurant is\nfully booked at this time.
84	84	24	12	Confirmed	Your booking is confirmed
86	86	38	12	Confirmed	Your booking is confirmed
87	87	1	14	Confirmed	Your booking is confirmed
88	88	38	10	Confirmed	Your booking is confirmed
89	89	34	18	Confirmed	Your booking is confirmed
90	90	9	10	Confirmed	Your booking is confirmed
91	91	47	16	FullyBooked	Sorry, the restaurant is\nfully booked at this time.
92	92	34	2	Confirmed	Your booking is confirmed
93	93	9	15	FullyBooked	Sorry, the restaurant is\nfully booked at this time.
95	95	34	18	FullyBooked	Sorry, the restaurant is\nfully booked at this time.
96	96	42	15	FullyBooked	Sorry, the restaurant is\nfully booked at this time.
97	97	40	8	FullyBooked	Sorry, the restaurant is\nfully booked at this time.
98	98	17	6	FullyBooked	Sorry, the restaurant is\nfully booked at this time.
99	99	3	18	Confirmed	Your booking is confirmed
100	100	16	7	Confirmed	Your booking is confirmed
\.


--
-- Data for Name: Restaurants; Type: TABLE DATA; Schema: public; Owner: postgres
--

COPY public."Restaurants" ("restaurantID", name, address, "phoneNumber", "numberOfTables") FROM stdin;
1	Dillon-Carter	10825 Jenny Walk Port\nBrianside, NJ 51588	(407)668-2389x823	8
2	Tucker LLC	05668 Castillo Ports West Paul,\nGU 73615	960.264.5975	17
3	Barker-Carson	920 John Fords West Frankbury,\nOH 31754	+1-902-516-9084x607	18
4	Erickson, Koch and Townsend	4779 Wiley Mount\nApt. 921 West Richardmouth, ID 95808	(360)797-0840	9
5	Melton, Wang and Reed	43980 Chambers Vista\nWellsborough, PW 85360	401-770-2303x77151	11
6	Phelps-Rodriguez	5817 Daniel Crossroad Apt.\n076 Taylorhaven, IL 89010	901-812-9561	14
7	Harmon PLC	302 Brandon Union Suite 033 East\nAlexiston, CO 30065	226.776.2357x38563	5
8	Smith, Poole and Anderson	17463 Long Hills\nWest Lisaville, LA 19672	001-322-596-4491	15
9	Lucas Inc	1231 Adriana Pass Suite 994 Port\nRobert, HI 26166	(612)460-4703x34680	11
10	Martinez PLC	Unit 7348 Box 8284 DPO AA\n25559	(302)382-5615x760	14
12	Pacheco and Sons	26902 Cameron Island East\nBrian, MO 02674	894.505.2368x578	10
13	Durham-Lopez	Unit 4950 Box 8177 DPO AP\n97094	950-937-2727x493	14
14	Young, Marks and Doyle	936 Jenny Roads\nSuite 588 Lake Pamelashire, GU 45695	(711)338-0629x236	16
15	Williams-Perez	76903 Sloan Union New Gail,\nVI 05989	(862)616-4363x63362	15
16	Ball and Sons	5911 Ann Divide Suite 982\nEast Kimberly, WI 83492	5609664601	9
17	Drake, Patel and Torres	5413 Reynolds Mill\nSuite 308 Lake Justin, NJ 26778	(374)821-9757	20
18	Burnett-Woods	6197 Schmitt Manor Apt. 245\nRobertside, TX 81328	715.754.6688x3859	7
19	Watson-Elliott	44961 Russell Isle Apt. 465\nWest Leslieville, AL 12172	+1-890-935-5889x2301	18
20	Rivers-Hoffman	2727 Wells Circles North\nAmyberg, MA 16419	689.858.4760	17
21	Test Restaurant	123 Test St	555-1234	20
\.


--
-- Data for Name: Users; Type: TABLE DATA; Schema: public; Owner: postgres
--

COPY public."Users" ("userID", name, "phoneNumber", password, email) FROM stdin;
1	Bradley Jones	+1-464-466-9263x624	VBVU5O37hM	ashlee29@example.org
2	Carolyn Davenport	611-747-8491x72051	sFi#bnauHo	theresanavarro@example.net
3	Beth Reid	729.967.4509	4KSOj9KQs5	brandon06@example.org
4	Randy Wilson	+1-387-575-8551x525	r5BxpM$D7z	kathleenbrown@example.org
5	Rodney Moyer	538-332-6925x1382	$zA8Uhid78	lgriffin@example.org
6	Alvin Rodriguez	748-595-9095x36231	3ZC#rR&a^W	gary93@example.org
7	Aaron Valentine	(692)792-6292	p2McyI!rW^	briangarcia@example.com
8	April Nicholson	404-896-9006x770	gLDKOkQS1&	hwilliams@example.org
9	Walter Ingram	9264908881	i%Zi50n6mG	welchrachel@example.com
11	Walter Rivera	+1-547-263-5891	CKCp0SsNpU	watkinsholly@example.org
12	Barry Carpenter	+1-623-489-9232x7872	V5hj%oz1c3	nicholasmunoz@example.org
13	Ian Garrison	782.377.0942x699	*bj^nMVTks	williamray@example.org
15	Elizabeth Newman	+1-552-984-9910x156	YOmLVWCrA8	shanebond@example.net
16	Charlotte Powell	519.500.8136x49520	@0^t3A7%6Z	obrienrobert@example.com
17	Elizabeth Medina	3886520370	NLdGIKfPE9	afisher@example.com
18	Stephanie King	307.498.0007x277	cK1Pxg4G!X	travis73@example.com
20	Reginald Hines	(843)221-8504x46876	&@V!35sF%#	ljefferson@example.net
21	Daniel Carr	959.540.3507x98191	3Q@vp*s24X	cellis@example.net
22	Lauren Jacobs	686-698-0703x7560	rqkh5S%f8o	ericolsen@example.com
24	Diane Simpson	267.996.6376	mvfDG*@#j7	casematthew@example.org
25	Barbara Greene	965.784.1577x67411	XJRLl2jj@2	richardmorris@example.org
26	Joseph Ross	264-599-0497x62905	&Rjm@UR3yC	christiansullivan@example.org
27	Cassandra Harris	549.424.1739x05704	6JNfmlCU&w	karen35@example.com
28	William Keller	+1-652-781-1494	RfMWCAoj6g	bishopduane@example.net
29	Ashley Hernandez	(502)275-2009	d57Rwt0MoT	amberbennett@example.com
30	Joseph Johnson	+1-601-333-5392x555	6h7*xc%0!G	stephanie03@example.com
32	Justin Nolan	8996509757	t1jFITTorE	kruegernicole@example.net
33	Natalie Odonnell	906-292-4976x94175	n*RMb6iuJR	elizabeth61@example.org
34	Danny Chan	805.848.6972x32060	vwxI8vz#S#	hartmanalice@example.net
37	Steven Garcia	406-443-6383	TCCcm!VMVB	vjordan@example.net
38	David Stevens	+1-694-890-1918x748	v7Ll3ozrwz	zbaldwin@example.org
39	Marvin Vargas	(287)492-8696x12535	&$lO7bgvdb	shermanrandy@example.com
40	Amy Wright	626-796-0591	TJoP!xXOmJ	daviesamy@example.net
41	Destiny Harvey	860.687.3123x303	VWMjIjfMU8	jamesaguilar@example.net
42	Lisa Torres	(811)833-6433	Q@LoIxSvJT	wayne68@example.com
43	Nicholas Bell	+1-382-371-5229x128	^VIPgGaND*	dianealvarado@example.com
44	Robert Perez	590.991.8708x094	e7S!ekWVR!	msmith@example.com
45	Emily Howe	(768)672-1327x18646	Uinr#YMKWX	padams@example.com
46	Nicholas Gutierrez	925.770.1598x3922	d#yo$j9k3V	rosalescarlos@example.net
47	Nicole Bates	749.238.6545x90277	@T$xkOHHDU	uanderson@example.com
48	Patricia Ross	674.780.0263	evzyzK!gvP	julian75@example.com
49	Lauren Guzman	240-406-0625x82695	KJP9u$wG6s	aarondavidson@example.org
50	Adam Watkins	+1-315-398-6862x906	SGp9hfl&DQ	johnrobinson@example.net
\.


--
-- Data for Name: admins; Type: TABLE DATA; Schema: public; Owner: postgres
--

COPY public.admins (adminid, email, name, password) FROM stdin;
\.


--
-- Data for Name: bookings; Type: TABLE DATA; Schema: public; Owner: postgres
--

COPY public.bookings (bookingid, adminid, numberofpeople, "time", date, restaurantid, status, userid) FROM stdin;
\.


--
-- Data for Name: notifications; Type: TABLE DATA; Schema: public; Owner: postgres
--

COPY public.notifications (notificationid, bookingid, restaurantid, text, status, userid) FROM stdin;
\.


--
-- Data for Name: users; Type: TABLE DATA; Schema: public; Owner: postgres
--

COPY public.users (userid, email, password, phonenumber, name) FROM stdin;
\.


--
-- Name: admins_adminid_seq; Type: SEQUENCE SET; Schema: public; Owner: postgres
--

SELECT pg_catalog.setval('public.admins_adminid_seq', 1, false);


--
-- Name: bookings_bookingid_seq; Type: SEQUENCE SET; Schema: public; Owner: postgres
--

SELECT pg_catalog.setval('public.bookings_bookingid_seq', 1, false);


--
-- Name: notifications_notificationid_seq; Type: SEQUENCE SET; Schema: public; Owner: postgres
--

SELECT pg_catalog.setval('public.notifications_notificationid_seq', 1, false);


--
-- Name: restaurants_seq; Type: SEQUENCE SET; Schema: public; Owner: postgres
--

SELECT pg_catalog.setval('public.restaurants_seq', 1, false);


--
-- Name: users_userid_seq; Type: SEQUENCE SET; Schema: public; Owner: postgres
--

SELECT pg_catalog.setval('public.users_userid_seq', 1, false);


--
-- Name: Admins admins_pkey; Type: CONSTRAINT; Schema: public; Owner: postgres
--

ALTER TABLE ONLY public."Admins"
    ADD CONSTRAINT admins_pkey PRIMARY KEY ("adminID");


--
-- Name: admins admins_pkey1; Type: CONSTRAINT; Schema: public; Owner: postgres
--

ALTER TABLE ONLY public.admins
    ADD CONSTRAINT admins_pkey1 PRIMARY KEY (adminid);


--
-- Name: Bookings bookings_pkey; Type: CONSTRAINT; Schema: public; Owner: postgres
--

ALTER TABLE ONLY public."Bookings"
    ADD CONSTRAINT bookings_pkey PRIMARY KEY (bookingid);


--
-- Name: bookings bookings_pkey1; Type: CONSTRAINT; Schema: public; Owner: postgres
--

ALTER TABLE ONLY public.bookings
    ADD CONSTRAINT bookings_pkey1 PRIMARY KEY (bookingid);


--
-- Name: Notifications notifications_pkey; Type: CONSTRAINT; Schema: public; Owner: postgres
--

ALTER TABLE ONLY public."Notifications"
    ADD CONSTRAINT notifications_pkey PRIMARY KEY ("notificationID");


--
-- Name: notifications notifications_pkey1; Type: CONSTRAINT; Schema: public; Owner: postgres
--

ALTER TABLE ONLY public.notifications
    ADD CONSTRAINT notifications_pkey1 PRIMARY KEY (notificationid);


--
-- Name: Restaurants restaurants_pkey; Type: CONSTRAINT; Schema: public; Owner: postgres
--

ALTER TABLE ONLY public."Restaurants"
    ADD CONSTRAINT restaurants_pkey PRIMARY KEY ("restaurantID");


--
-- Name: Users users_pkey; Type: CONSTRAINT; Schema: public; Owner: postgres
--

ALTER TABLE ONLY public."Users"
    ADD CONSTRAINT users_pkey PRIMARY KEY ("userID");


--
-- Name: users users_pkey1; Type: CONSTRAINT; Schema: public; Owner: postgres
--

ALTER TABLE ONLY public.users
    ADD CONSTRAINT users_pkey1 PRIMARY KEY (userid);


--
-- Name: Bookings bookings_adminid_fkey; Type: FK CONSTRAINT; Schema: public; Owner: postgres
--

ALTER TABLE ONLY public."Bookings"
    ADD CONSTRAINT bookings_adminid_fkey FOREIGN KEY ("adminID") REFERENCES public."Admins"("adminID");


--
-- Name: Bookings bookings_restaurantid_fkey; Type: FK CONSTRAINT; Schema: public; Owner: postgres
--

ALTER TABLE ONLY public."Bookings"
    ADD CONSTRAINT bookings_restaurantid_fkey FOREIGN KEY ("restaurantID") REFERENCES public."Restaurants"("restaurantID");


--
-- Name: Bookings bookings_userid_fkey; Type: FK CONSTRAINT; Schema: public; Owner: postgres
--

ALTER TABLE ONLY public."Bookings"
    ADD CONSTRAINT bookings_userid_fkey FOREIGN KEY (userid) REFERENCES public."Users"("userID");


--
-- Name: Notifications notifications_bookingid_fkey; Type: FK CONSTRAINT; Schema: public; Owner: postgres
--

ALTER TABLE ONLY public."Notifications"
    ADD CONSTRAINT notifications_bookingid_fkey FOREIGN KEY ("bookingID") REFERENCES public."Bookings"(bookingid);


--
-- Name: Notifications notifications_restaurantid_fkey; Type: FK CONSTRAINT; Schema: public; Owner: postgres
--

ALTER TABLE ONLY public."Notifications"
    ADD CONSTRAINT notifications_restaurantid_fkey FOREIGN KEY ("restaurantID") REFERENCES public."Restaurants"("restaurantID");


--
-- Name: Notifications notifications_userid_fkey; Type: FK CONSTRAINT; Schema: public; Owner: postgres
--

ALTER TABLE ONLY public."Notifications"
    ADD CONSTRAINT notifications_userid_fkey FOREIGN KEY ("userID") REFERENCES public."Users"("userID");


--
-- PostgreSQL database dump complete
--

